ID;Name
1;Enduring Friendship
2;The Legend of the Spider
3;Renewed Determination
4;
5;Sunrise in the Park
6;Sunrise in the Park
7;Just Like Old Times
8;Before the Final Battle
9;The Shimmering Marsh
10;Geography Lesson
11;Strength of Heart
12;
13;What Visions May Bring
14;A Broken Watch
15;The Colony Reborn
16;
17;At the Pollen Works
18;A Snowy Hot Spring
19;Those Waiting For You
20;
21;Fallen Brethren
22;So Close, Yet So Far
23;Hopes and Plans
24;
25;
26;Fiora's Cooking
27;First Sight of Snow
28;A Scene Revisited
29;Heir to the Monado
30;One Year On
31;Watching Over Them
32;
33;What's on Reyn's Mind
34;Overlooking the Colony
35;A Wistful Glow
36;
37;Fish Fly! Fish Fly!
38;Riki's Crazy Crystal Plan
39;Journey's End
40;
41;Echoes of Ancient Times
42;Ancient Wreckage
43;A Breathtaking Sight
44;
45;Brother and Sister
46;Recovery and Reflection
47;A Family of Two
48;
49;A Night-time Chat
50;Reawakened Memories
51;Fiora's Body
52;
53;The Forefathers
54;Quiet Time
55;Riki Have Question
56;
57;Overcoming the Pain
58;A Day Like Any Other
59;Melia's Imperial Villa
60;
61;A Gift for a Loved One
62;Dunban's Right Arm
63;Revisiting the Past
64;
65;In Ose Tower
66;Glowing in the Night
67;Life's Hard for a Heropon
68;
69;True Natures
70;High Entia History
71;Eternal Scars
72;
73;Flowers of Eryth Sea
74;A Heropon's Perspective
75;Atop the Crown Tree
76;
77;No Boys Allowed
78;Untold Feelings
79;Ancient Astrology
80;
81;A Mysterious Sanctuary
82;Camping Spot
83;Kind Words
84;
85;A Life Without Visions
86;The Future is Ours
87;All Grown Up
88;Strength in Unity
89;The Land in the Sky
90;Dadapon's Gift
91;A Love for Flowers
92;Family Relations
93;Kino in the Doldrums
94;Making Plans
95;Power of Imagination
96;Dreaming Big
97;Tyrea's Uncertainty
98;Light and Shadow